{"cameraMode":{"drawMode":0,"name":"Shaded","section":"Shading Mode"},"sceneLighting":true,"audioPlay":false,"sceneViewState":{"m_AlwaysRefresh":false,"showFog":true,"showSkybox":true,"showFlares":true,"showImageEffects":true,"showParticleSystems":true,"showVisualEffectGraphs":true,"m_FxEnabled":true},"in2DMode":false,"pivot":{"x":227.90969848632813,"y":20.715042114257814,"z":138.86351013183595},"rotation":{"x":-0.2535627484321594,"y":-0.47194066643714907,"z":0.1438344419002533,"w":-0.8320512771606445},"size":1.6253585815429688,"orthographic":false}