{"cameraMode":{"drawMode":0,"name":"Shaded","section":"Shading Mode"},"sceneLighting":true,"audioPlay":false,"sceneViewState":{"m_AlwaysRefresh":false,"showFog":true,"showSkybox":true,"showFlares":true,"showImageEffects":true,"showParticleSystems":true,"showVisualEffectGraphs":true,"m_FxEnabled":true},"in2DMode":false,"pivot":{"x":172.59902954101563,"y":21.41975212097168,"z":151.27755737304688},"rotation":{"x":0.002299213781952858,"y":0.7153015732765198,"z":-0.0023808814585208894,"w":0.6988248229026794},"size":7.495804786682129,"orthographic":false}