{"cameraMode":{"drawMode":0,"name":"Shaded","section":"Shading Mode"},"sceneLighting":false,"audioPlay":false,"sceneViewState":{"m_AlwaysRefresh":false,"showFog":true,"showSkybox":false,"showFlares":true,"showImageEffects":true,"showParticleSystems":true,"showVisualEffectGraphs":true,"m_FxEnabled":true},"in2DMode":false,"pivot":{"x":-0.1564178466796875,"y":5.803409099578857,"z":9.838868141174317},"rotation":{"x":-0.006991786882281303,"y":0.5956142544746399,"z":0.005160982254892588,"w":0.8032380938529968},"size":10.167703628540039,"orthographic":false}